{
  "SVM (rbf)": {
    "accuracy": 0.8119047619047619
  },
  "SVM (linear)": {
    "accuracy": 0.7952380952380952
  },
  "KNN (k=1)": {
    "accuracy": 0.7595238095238095
  },
  "KNN (k=5)": {
    "accuracy": 0.5952380952380952
  },
  "Logistic Regression": {
    "accuracy": 0.75
  }
}